"Population at the first day of the quarter by marital status, sex,"
"region, age and time"

" "," "," "," ","2009Q4","2010Q1","2010Q2","2010Q3","2010Q4","2011Q1","2011Q2","2011Q3","2011Q4","2012Q1","2012Q2","2012Q3","2012Q4","2013Q1","2013Q2","2013Q3","2013Q4","2014Q1","2014Q2","2014Q3","2014Q4","2015Q1","2015Q2","2015Q3","2015Q4","2016Q1","2016Q2","2016Q3","2016Q4","2017Q1","2017Q2","2017Q3","2017Q4","2018Q1","2018Q2","2018Q3","2018Q4","2019Q1","2019Q2","2019Q3","2019Q4","2020Q1","2020Q2","2020Q3","2020Q4","2021Q1","2021Q2","2021Q3","2021Q4"
"Total"
" ","Total"
" "," ","All Denmark"
" "," "," ","Total",5532531,5534738,5540241,5543819,5557709,5560628,5564219,5566856,5579204,5580516,5584758,5587085,5599665,5602628,5605836,5608784,5623501,5627235,5634437,5639719,5655750,5659715,5668743,5678348,5699220,5707251,5717014,5724456,5745526,5748769,5756170,5760694,5778570,5781190,5785864,5789957,5806015,5806081,5811413,5814461,5827463,5822763,5824857,5825337,5837213,5840045,5843347,5850189,5867412
" "," "," ","0 years",63725,63178,63579,63569,63587,63739,62515,61532,60673,59306,58953,58446,58009,58246,57738,57663,57041,56161,56019,56032,56587,57130,57161,57214,57844,58605,59493,60592,61789,62025,62058,62143,61431,61731,61988,62327,62312,61733,61176,60919,61439,61466,61820,61714,61381,61191,61665,61940,62551
" "," "," ","1 year",66197,65977,65583,65316,64300,63665,63924,63954,64002,64168,62961,61932,61063,59718,59408,58909,58450,58721,58224,58136,57545,56748,56623,56710,57247,57894,58003,57987,58465,59253,60105,61116,62270,62508,62464,62508,61756,62046,62261,62592,62525,61916,61387,61131,61650,61663,62089,62036,61708
" "," "," ","2 years",64882,65205,65622,65929,66484,66235,65856,65547,64424,63842,64145,64222,64257,64422,63190,62174,61374,60046,59710,59213,58806,59134,58663,58679,58154,57484,57279,57302,57922,58520,58509,58412,58882,59523,60346,61362,62501,62675,62593,62665,61902,62148,62291,62545,62532,61967,61458,61294,61819
" "," "," ","3 years",66073,66248,66028,65438,65084,65406,65825,66116,66660,66358,65998,65719,64611,64006,64354,64445,64476,64638,63418,62449,61733,60389,60117,59736,59411,59803,59401,59330,58720,57977,57742,57752,58260,58831,58713,58604,59024,59608,60409,61428,62532,62697,62611,62702,61928,62185,62381,62622,62628
" "," "," ","4 years",65585,65459,65375,65782,66252,66450,66190,65557,65175,65529,65932,66227,66780,66564,66203,65895,64821,64216,64588,64723,64757,64967,63851,62949,62262,60962,60741,60265,59983,60288,59794,59663,59048,58205,57932,57862,58347,58901,58777,58645,59079,59661,60466,61435,62597,62844,62769,62818,62063
" "," "," ","5 years",65460,65546,65429,65617,65697,65532,65491,65853,66304,66506,66309,65663,65294,65643,66008,66388,66940,66742,66394,66131,65119,64546,64915,65148,65289,65616,64462,63545,62818,61484,61123,60608,60181,60478,59969,59798,59197,58352,58070,57959,58454,58993,58882,58745,59132,59740,60557,61533,62658
" "," "," ","6 years",65262,65534,66011,65986,65556,65647,65506,65723,65749,65597,65573,65927,66413,66634,66429,65754,65420,65822,66198,66608,67221,67083,66777,66553,65661,65147,65607,65800,65877,66047,64825,63848,63104,61705,61303,60773,60383,60640,60071,59920,59279,58415,58111,58012,58528,59064,58984,58877,59239
" "," "," ","7 years",65066,64941,64611,64624,65304,65583,66086,66038,65594,65693,65549,65782,65855,65676,65660,66015,66513,66762,66633,65992,65734,66122,66623,67087,67769,67681,67422,67158,66245,65636,66002,66153,66149,66236,64990,64007,63226,61798,61440,60904,60480,60745,60120,59986,59354,58551,58257,58183,58674
" "," "," ","8 years",66687,65976,65535,65160,65147,65039,64684,64686,65352,65667,66191,66135,65688,65801,65655,65926,65987,65861,65831,66213,66756,67053,66883,66358,66181,66672,67209,67639,68331,68121,67825,67501,66514,65871,66197,66322,66323,66386,65117,64104,63313,61926,61549,60999,60586,60898,60303,60111,59497
" "," "," ","9 years",67213,67877,67686,67194,66772,66066,65625,65256,65205,65085,64709,64733,65435,65766,66277,66215,65775,65959,65896,66195,66295,66143,66145,66557,67168,67509,67431,66922,66731,67155,67581,67988,68608,68391,68061,67709,66726,66077,66369,66477,66456,66522,65215,64168,63442,62107,61766,61194,60761
" "," "," ","10 years",67553,67216,67323,67359,67292,67954,67786,67256,66836,66140,65699,65345,65284,65167,64823,64834,65563,65909,66446,66407,66064,66299,66258,66576,66693,66619,66667,67035,67637,67907,67784,67227,66984,67353,67783,68161,68806,68541,68241,67883,66860,66254,66508,66607,66642,66696,65436,64409,63632
" "," "," ","11 years",67315,67534,67478,68056,67664,67323,67430,67501,67419,68090,67903,67366,66968,66273,65832,65418,65408,65311,64955,65039,65808,66211,66740,66746,66444,66703,66696,66981,67096,66987,66982,67332,67892,68155,68013,67443,67163,67526,67931,68314,68899,68649,68361,67995,66984,66428,66721,66799,66795
" "," "," ","12 years",70279,69069,68460,67444,67366,67624,67600,68149,67763,67434,67545,67607,67569,68228,68052,67502,67109,66422,66001,65582,65624,65528,65198,65344,66151,66593,67193,67173,66846,67022,66936,67211,67319,67169,67183,67542,68126,68375,68174,67573,67300,67673,68067,68433,69063,68834,68520,68187,67160
" "," "," ","13 years",69410,69514,69333,69967,70420,69181,68584,67569,67488,67717,67697,68257,67881,67549,67653,67716,67701,68371,68210,67724,67338,66661,66261,65895,65958,65887,65603,65737,66563,66928,67500,67481,67073,67267,67162,67410,67502,67345,67338,67667,68287,68523,68339,67720,67463,67896,68292,68654,69256
" "," "," ","14 years",73095,72044,71368,70488,69520,69643,69435,70104,70577,69326,68714,67662,67630,67903,67870,68424,68079,67729,67848,67923,67972,68633,68494,68040,67723,67099,66700,66285,66348,66218,65859,65928,66844,67147,67712,67660,67326,67467,67327,67557,67726,67530,67523,67857,68501,68720,68551,67944,67691
" "," "," ","15 years",70911,72546,73294,72723,73397,72310,71572,70642,69802,69887,69691,70293,70868,69593,68935,67881,67985,68174,68126,68693,68502,68119,68234,68310,68509,69127,68968,68482,68313,67555,67111,66620,66835,66614,66194,66220,67284,67512,68020,67915,67663,67768,67605,67797,68110,67877,67802,68104,68881
" "," "," ","16 years",71001,70482,70228,70959,71294,73020,73753,73122,73774,72740,71953,71008,70155,70278,70050,70664,71285,70073,69398,68325,68540,68822,68752,69223,69058,68772,68892,68917,69195,69839,69578,68976,68862,68201,67690,67120,67285,67142,66698,66667,67623,67948,68490,68268,68059,68246,68053,68169,68548
" "," "," ","17 years",70333,71164,71338,71166,71159,70615,70450,71277,71438,73204,74062,73461,73915,72834,72151,71297,70382,70507,70370,71025,71509,70306,69786,68822,68907,69287,69345,69878,69647,69260,69463,69425,69519,70115,69900,69391,68938,68260,67819,67369,67419,67304,66902,66935,67736,68088,68665,68525,68288
" "," "," ","18 years",68256,68151,69006,69355,70607,71376,71462,71304,71415,70840,70592,71426,71836,73491,74219,73603,74327,73255,72531,71619,70971,70973,70817,71481,72454,71131,70528,69460,69885,70008,69936,70303,70306,69781,69962,69863,70102,70566,70216,69582,69503,68639,68164,67578,67899,67674,67186,67172,68469
" "," "," ","19 years",68133,68585,68581,68866,69186,69145,69947,70025,71515,72454,72491,72041,72508,72028,71707,72284,72914,74737,75444,74599,75789,74684,73924,72768,72659,72647,72541,72962,74000,72688,72002,70701,71238,71269,71209,71460,71682,70935,71078,70756,71261,71623,71303,70472,70396,69581,69046,68446,69290
" "," "," ","20 years",67580,67428,68505,68069,69945,69776,70294,70237,71313,70821,71763,71336,73766,73946,74461,73498,74941,73470,73689,73813,75418,76210,77751,76590,78797,76989,76586,74780,75522,74572,75041,74668,76561,74585,74220,72232,73805,72820,73424,72792,73842,72131,72474,71986,72121,72666,72268,71724,72207
" "," "," ","21 years",65976,66525,67370,67206,68729,68877,70000,69443,71179,71793,71956,71680,72411,72131,73626,72997,74991,75528,76133,75016,75803,74883,75619,76100,76893,78470,79887,78320,80080,78567,78510,76442,76488,76294,76698,76331,77779,75806,75922,73685,74580,73901,73901,73774,73531,72840,72899,72776,73808
" "," "," ","22 years",64608,64575,65578,65261,66953,67544,67984,68345,69598,70043,70870,70664,72048,72597,72708,72825,73341,73075,74147,74195,75858,76460,76772,76376,77282,76602,76831,77306,78458,79900,80747,79704,81047,79720,78992,77569,77446,77306,77326,77539,78449,76462,75675,74078,74470,74517,74241,74570,75188
" "," "," ","23 years",64361,64683,65016,64995,65649,65672,66364,66139,67749,68614,69160,69555,70751,71337,72078,71929,73370,73849,73838,74105,74690,74419,75346,75522,77528,78420,78498,78146,79042,78399,78289,78769,79763,81298,81970,80970,82208,80841,80249,79028,78390,78029,77696,77909,78645,77321,76342,75099,75932
" "," "," ","24 years",62699,63324,63951,64271,65122,65590,65811,65841,66142,66204,67169,67156,68733,69614,70132,70629,71762,72352,73253,73279,74481,75068,75291,75741,76201,76268,77330,77384,79090,79884,79934,79705,80273,79675,79552,80045,80592,82217,82955,82060,82863,81368,80582,79143,78516,78560,78170,78818,79738
" "," "," ","25 years",61175,61319,61513,62211,63288,63940,64496,64914,65591,65898,66178,66378,66768,67004,67943,68100,69534,70466,70950,71702,72679,73224,74285,74631,75827,76637,76869,77454,77540,77491,78513,78617,80022,80773,80844,80703,80903,80203,80190,80873,80891,82438,83042,81992,82504,81455,80664,79728,79147
" "," "," ","26 years",60624,60402,60855,61288,61692,61909,62009,62712,63722,64405,65017,65496,65981,66454,66881,67252,67578,67731,68754,69047,70391,71192,71793,72823,73868,74593,75609,75983,77024,77537,77697,78379,78215,78085,79000,79284,80531,81198,81245,81210,81146,80189,79908,80526,80466,82285,82887,82197,82884
" "," "," ","27 years",61713,61909,61215,60755,61121,61038,61456,61826,62157,62242,62385,63162,64138,64870,65437,65969,66525,67040,67524,67998,68126,68448,69547,70102,71511,72478,73100,74026,74881,75429,76427,76673,77571,78238,78218,78851,78647,78497,79324,79636,80709,81165,80970,80636,80651,79907,79715,80516,80754
" "," "," ","28 years",62289,61797,62312,62433,62129,62438,61604,61200,61378,61137,61662,62044,62361,62604,62744,63588,64610,65403,66036,66592,67166,67569,68265,68860,69299,69675,70699,71152,72417,73334,73770,74713,75530,75949,76919,77243,78080,78625,78574,79118,78837,78497,79094,79272,80197,80915,80808,80732,80915
" "," "," ","29 years",66058,65543,64029,62945,62685,62223,62752,62805,62372,62508,61734,61364,61363,61290,61836,62318,62778,63067,63246,64125,65145,65925,66646,67325,67988,68600,69246,69869,70087,70326,71351,71714,72770,73732,74172,75068,75849,76366,77219,77570,78183,78521,78369,78721,78378,78274,78952,79285,80465
" "," "," ","30 years",67030,66812,66855,66422,66305,65884,64286,63215,62925,62211,62769,62829,62358,62653,61892,61558,61797,61688,62329,62860,63311,63633,63858,64894,66056,66944,67651,68247,68821,69318,69933,70302,70632,70747,71675,71951,73079,73938,74344,75220,75905,76209,77029,77161,77776,78313,78247,78820,78505
" "," "," ","31 years",69423,69010,68616,67968,67262,67084,67127,66740,66553,66045,64450,63263,62921,62371,62935,63061,62744,63077,62389,62111,62407,62306,63049,63722,64162,64561,64744,65762,66822,67511,68185,68728,69188,69599,70132,70591,70803,70861,71804,72138,73138,73803,74152,74854,75539,76025,76776,77122,77889
" "," "," ","32 years",68390,68645,68290,69087,69531,69120,68824,68189,67467,67213,67292,66923,66711,66222,64591,63539,63251,62799,63512,63578,63269,63600,63040,62852,63220,63164,63835,64425,64842,65137,65279,66195,67196,67923,68488,68955,69320,69787,70270,70763,70755,70680,71530,71695,72755,73727,74080,74931,75718
" "," "," ","33 years",73304,71457,70198,69181,68590,68830,68505,69314,69673,69204,68947,68318,67617,67399,67469,67130,66989,66506,64931,63979,63665,63364,64068,64299,63985,64409,63791,63524,63871,63691,64364,64884,65216,65377,65426,66342,67430,68128,68645,69050,69384,69626,70113,70463,70505,70658,71642,72035,73193
" "," "," ","34 years",77491,77445,76493,75212,73460,71675,70379,69357,68738,68948,68612,69473,69840,69418,69139,68496,67943,67820,67951,67586,67495,66966,65482,64661,64444,64090,64831,64880,64527,64889,64247,63941,64243,64011,64686,65052,65401,65560,65702,66572,67463,68028,68451,68887,69292,69744,70258,70727,70871
" "," "," ","35 years",76211,76310,76524,77217,77649,77639,76691,75364,73602,71720,70521,69513,68907,69096,68821,69700,70033,69729,69535,68937,68411,68267,68427,68179,68125,67715,66144,65312,65019,64543,65309,65361,64945,65269,64556,64216,64488,64248,64799,65190,65430,65478,65539,66334,67401,68085,68614,69168,69673
" "," "," ","36 years",76838,76502,76435,76028,76304,76523,76694,77368,77746,77694,76742,75422,73656,71821,70651,69682,69133,69352,69131,70069,70448,70092,69977,69441,68963,68896,69048,68708,68638,68146,66574,65596,65313,64842,65586,65551,65167,65526,64750,64378,64477,64089,64589,64944,65261,65547,65680,66620,67647
" "," "," ","37 years",80696,79810,79185,77801,76990,76594,76531,76141,76384,76540,76723,77411,77800,77798,76842,75590,73850,72065,70980,70073,69501,69770,69541,70557,70927,70636,70461,69905,69381,69259,69313,68922,68841,68297,66812,65816,65466,64925,65670,65702,65197,65452,64564,64151,64339,64162,64747,65193,65590
" "," "," ","38 years",78116,78985,80124,80883,80737,79924,79213,77779,76980,76588,76546,76175,76448,76621,76895,77518,77992,77999,77077,75879,74213,72430,71401,70504,69981,70262,69974,70888,71289,70983,70748,70113,69583,69411,69451,69126,69055,68520,67007,65969,65547,64948,65622,65531,65093,65456,64638,64323,64584
" "," "," ","39 years",75428,75786,76341,77212,78237,79108,80214,80923,80751,79873,79174,77759,76981,76635,76588,76239,76557,76790,77123,77829,78265,78306,77425,76296,74704,72916,71855,70870,70306,70492,70225,71102,71517,71189,70941,70319,69775,69668,69660,69266,69053,68495,66933,65807,65464,64962,65688,65713,65341
" "," "," ","40 years",75975,75578,74945,75109,75449,75808,76324,77200,78209,78995,80154,80954,80750,79921,79209,77842,77067,76783,76699,76417,76775,77079,77383,78153,78674,78713,77823,76669,75074,73156,72061,71055,70403,70580,70382,71301,71691,71301,71077,70455,69792,69580,69561,69144,69041,68557,67011,66023,65777
" "," "," ","41 years",79448,78186,77173,76268,75996,75621,74933,75126,75460,75812,76330,77166,78203,79047,80190,80997,80830,79984,79436,78057,77299,76944,76952,76714,77158,77450,77809,78494,78902,78923,78043,76849,75207,73322,72184,71156,70567,70752,70513,71394,71764,71301,71019,70337,69707,69601,69661,69368,69288
" "," "," ","42 years",86207,83808,82163,80905,79467,78221,77231,76243,75933,75519,74903,75207,75523,75865,76372,77180,78227,79121,80294,81190,81086,80293,79700,78335,77567,77236,77188,76941,77397,77682,78002,78637,79118,79079,78135,76984,75326,73420,72272,71242,70634,70755,70480,71284,71722,71377,71136,70471,69897
" "," "," ","43 years",89246,89948,89357,88198,86146,83770,82158,80885,79458,78195,77217,76222,75901,75538,74930,75157,75557,75905,76474,77340,78404,79273,80488,81422,81335,80591,79969,78557,77763,77344,77310,77084,77504,77816,78157,78716,79227,79183,78190,77049,75316,73376,72226,71160,70619,70813,70630,71495,71909
" "," "," ","44 years",86765,87053,87831,88590,89188,89886,89282,88076,86010,83663,82080,80848,79397,78172,77207,76215,75903,75537,74949,75212,75639,76015,76632,77549,78644,79530,80728,81606,81565,80766,80107,78644,77821,77458,77445,77214,77592,77909,78223,78801,79215,79147,78125,76946,75331,73472,72340,71353,70754
" "," "," ","45 years",84553,85078,85088,85863,86666,86958,87748,88479,89059,89720,89132,87989,85921,83608,82015,80796,79376,78207,77287,76345,76003,75617,75059,75350,75846,76230,76838,77791,78764,79623,80821,81698,81696,80860,80189,78729,77909,77501,77482,77226,77653,77918,78228,78709,79192,79216,78248,77130,75517
" "," "," ","46 years",81686,83259,84235,84028,84446,84977,84957,85752,86580,86839,87621,88381,88954,89637,89086,87929,85907,83563,82047,80915,79470,78320,77383,76462,76169,75768,75184,75493,75981,76335,76954,77811,78805,79664,80875,81802,81758,80871,80182,78715,77916,77451,77404,77143,77599,77980,78303,78860,79319
" "," "," ","47 years",78926,78679,79232,80491,81566,83134,84109,83907,84292,84756,84836,85641,86445,86726,87466,88243,88864,89566,88988,87869,85918,83592,82084,80990,79561,78457,77538,76558,76249,75795,75242,75544,76001,76329,76946,77814,78789,79687,80866,81757,81638,80790,80132,78650,77858,77444,77483,77305,77763
" "," "," ","48 years",76089,76456,77331,78215,78794,78571,79113,80376,81447,82956,83899,83703,84113,84632,84696,85460,86284,86609,87377,88188,88789,89520,89024,87873,85916,83615,82104,81038,79597,78492,77542,76561,76226,75795,75200,75499,75944,76259,76930,77761,78742,79589,80767,81653,81588,80822,80169,78714,77930
" "," "," ","49 years",75710,76363,76208,75924,75884,76264,77140,78013,78578,78320,78869,80139,81234,82748,83653,83516,83982,84480,84568,85349,86176,86555,87309,88166,88794,89569,89065,87886,85947,83596,82104,80986,79547,78441,77492,76541,76229,75765,75125,75436,75866,76141,76779,77537,78634,79542,80748,81740,81662
" "," "," ","50 years",73629,73151,73522,74561,75453,76131,75984,75692,75635,76009,76906,77743,78319,78091,78698,79953,81031,82579,83525,83416,83866,84374,84484,85304,86131,86524,87254,88111,88768,89501,88981,87787,85889,83536,82028,80922,79464,78405,77470,76470,76076,75628,75004,75318,75742,76109,76772,77599,78688
" "," "," ","51 years",72827,73255,73183,72542,73354,72913,73284,74339,75230,75860,75711,75467,75416,75819,76657,77467,78061,77902,78518,79738,80854,82413,83363,83305,83747,84268,84411,85236,86078,86422,87156,88018,88595,89348,88829,87674,85770,83435,81946,80820,79372,78262,77291,76271,75958,75552,74961,75327,75749
" "," "," ","52 years",72828,72749,73069,73401,72556,72997,72927,72297,73093,72646,73034,74045,74952,75605,75496,75320,75240,75621,76446,77284,77888,77725,78338,79563,80680,82244,83220,83164,83607,84118,84246,85088,85956,86281,86983,87787,88375,89142,88588,87501,85579,83275,81761,80606,79181,78124,77206,76293,75971
" "," "," ","53 years",72957,73155,72716,72818,72511,72401,72725,73105,72292,72731,72652,72059,72817,72384,72673,73706,74674,75360,75313,75111,75028,75418,76229,77117,77720,77537,78126,79408,80541,82117,83060,82990,83424,83915,84050,84925,85731,86087,86789,87536,88144,88906,88389,87305,85392,83153,81653,80531,79111
" "," "," ","54 years",71684,71987,72196,71983,72586,72783,72360,72445,72112,72031,72387,72790,72005,72471,72413,71776,72488,72034,72411,73461,74432,75167,75110,74930,74857,75201,76059,76914,77511,77335,77959,79194,80357,81931,82873,82800,83230,83712,83842,84691,85500,85835,86541,87307,87924,88708,88248,87205,85299
" "," "," ","55 years",70349,70362,70667,71038,71277,71575,71786,71620,72228,72390,71927,72047,71736,71700,72075,72480,71772,72234,72182,71495,72179,71738,72126,73194,74154,74921,74838,74676,74604,74929,75790,76651,77225,77080,77703,78940,80109,81630,82582,82527,82947,83408,83539,84366,85207,85600,86337,87123,87798
" "," "," ","56 years",72074,71338,70741,70194,69937,69951,70197,70568,70841,71144,71385,71209,71769,71965,71552,71653,71367,71362,71800,72221,71499,71921,71813,71203,71939,71502,71846,72908,73877,74632,74518,74343,74284,74616,75478,76373,76964,76815,77449,78666,79810,81314,82277,82198,82619,83160,83312,84200,85013
" "," "," ","57 years",69039,69775,70488,71138,71613,70850,70264,69760,69486,69514,69748,70103,70393,70706,70931,70776,71331,71558,71185,71319,71053,71035,71482,71889,71163,71602,71509,70897,71609,71143,71506,72566,73509,74291,74174,73977,73898,74277,75164,76070,76632,76439,77099,78313,79505,81013,81998,81917,82408
" "," "," ","58 years",68483,68357,68001,68029,68581,69330,69993,70610,71115,70381,69812,69346,69057,69060,69274,69652,69954,70307,70536,70417,70958,71167,70828,70996,70692,70664,71118,71536,70851,71258,71123,70506,71236,70787,71126,72198,73155,73868,73770,73583,73581,73951,74834,75704,76269,76105,76784,78023,79159
" "," "," ","59 years",70339,70172,69621,68891,67952,67837,67517,67535,68066,68814,69523,70126,70637,69950,69366,68863,68583,68585,68839,69219,69587,69920,70121,70007,70562,70785,70430,70576,70283,70248,70742,71081,70435,70839,70717,70106,70835,70404,70721,71794,72704,73426,73339,73183,73216,73642,74477,75314,75891
" "," "," ","60 years",70062,69486,69694,69756,69777,69625,69070,68331,67430,67343,66987,67020,67548,68260,68971,69600,70093,69398,68878,68374,68106,68151,68381,68770,69124,69455,69661,69535,70084,70326,69994,70139,69813,69810,70294,70616,69959,70375,70298,69684,70387,69935,70287,71320,72241,72965,72901,72800,72830
" "," "," ","61 years",73001,72553,71313,70513,69456,68813,69065,69146,69177,69016,68460,67741,66865,66782,66402,66414,66965,67697,68451,69088,69573,68833,68296,67808,67554,67597,67870,68271,68616,68926,69135,69022,69634,69833,69486,69688,69337,69363,69802,70094,69502,69869,69756,69152,69900,69498,69869,70902,71795
" "," "," ","62 years",77800,76715,75209,73330,72254,71844,70622,69846,68802,68212,68460,68550,68563,68413,67881,67170,66296,66238,65801,65818,66407,67151,67869,68523,68975,68264,67781,67253,67025,67067,67352,67703,68060,68387,68588,68473,69060,69315,68925,69186,68802,68816,69284,69584,68971,69353,69285,68740,69496
" "," "," ","63 years",78864,78633,78233,77714,76960,75897,74474,72631,71605,71159,69956,69208,68182,67546,67809,67920,67906,67784,67249,66585,65677,65587,65197,65241,65831,66543,67286,67939,68377,67677,67155,66699,66463,66507,66768,67101,67433,67737,67967,67848,68481,68692,68306,68576,68181,68219,68708,69046,68443
" "," "," ","64 years",74626,75270,76375,77699,78006,77749,77299,76837,76133,75123,73738,71909,70872,70480,69251,68517,67493,66865,67131,67208,67222,67095,66577,65934,65061,65000,64527,64550,65155,65860,66576,67259,67712,67058,66513,66059,65824,65880,66166,66512,66823,67059,67337,67226,67854,68079,67706,67951,67579
" "," "," ","65 years",69853,70842,71901,73028,73731,74373,75466,76763,77041,76839,76434,76015,75342,74300,72954,71142,70132,69801,68589,67830,66829,66180,66420,66464,66499,66392,65915,65252,64383,64274,63843,63891,64490,65188,65944,66599,67030,66404,65861,65388,65166,65209,65481,65855,66194,66442,66713,66590,67182
" "," "," ","66 years",63381,64507,66591,67688,68875,69839,70858,72021,72752,73366,74493,75775,76091,75896,75493,75089,74417,73434,72116,70343,69358,69005,67791,67098,66007,65395,65642,65734,65735,65615,65144,64512,63702,63571,63110,63180,63695,64405,65196,65830,66283,65611,65068,64595,64419,64490,64816,65176,65493
" "," "," ","67 years",58596,60075,61101,61835,62433,63593,65640,66741,67900,68864,69849,71006,71748,72355,73456,74731,75084,74907,74570,74167,73515,72556,71243,69526,68580,68177,66956,66226,65189,64559,64803,64921,64919,64841,64347,63681,62879,62766,62252,62302,62863,63587,64380,65004,65459,64797,64269,63868,63702
" "," "," ","68 years",52101,52776,54068,55891,57682,59128,60140,60925,61554,62632,64688,65744,66918,67844,68851,70004,70766,71400,72487,73743,74044,73822,73537,73167,72571,71636,70290,68594,67620,67240,66043,65332,64354,63720,63949,64056,64032,63940,63434,62810,61999,61861,61372,61475,62015,62791,63572,64167,64616
" "," "," ","69 years",50512,50641,50042,50605,51195,51864,53168,54948,56696,58164,59146,59913,60524,61640,63622,64669,65840,66770,67735,68914,69660,70317,71361,72620,72950,72748,72450,72087,71520,70608,69332,67663,66636,66308,65153,64416,63408,62744,63004,63095,63120,63007,62480,61834,61028,60949,60507,60626,61098
" "," "," ","70 years",47421,47535,48693,48910,49584,49726,49125,49679,50270,50946,52228,53949,55651,57084,58060,58866,59443,60551,62557,63595,64719,65645,66662,67786,68545,69189,70213,71505,71822,71639,71329,70965,70393,69467,68181,66511,65503,65273,64161,63445,62458,61805,62071,62128,62138,61963,61480,60877,60115
" "," "," ","71 years",46174,46321,45995,46152,46407,46545,47719,47935,48591,48762,48169,48742,49311,49923,51223,52911,54639,56023,57011,57789,58344,59414,61346,62388,63563,64462,65450,66570,67346,67932,68966,70243,70577,70445,70086,69750,69200,68244,67058,65419,64428,64190,63073,62392,61421,60762,61049,61105,61094
" "," "," ","72 years",43137,43731,44571,44682,45110,45251,44967,45133,45336,45421,46609,46830,47519,47730,47116,47683,48277,48954,50291,51902,53626,54998,55905,56647,57209,58270,60172,61182,62311,63158,64161,65274,65982,66625,67747,68979,69297,69167,68776,68501,68012,67036,65915,64278,63266,63024,61932,61256,60301
" "," "," ","73 years",40530,41087,41256,41813,41924,42517,43368,43515,43946,44128,43835,43963,44224,44338,45507,45781,46400,46611,46076,46680,47245,47876,49134,50747,52430,53758,54722,55507,56035,57059,58873,59883,61009,61802,62740,63924,64615,65221,66333,67595,67926,67743,67380,67129,66690,65776,64657,62974,61958
" "," "," ","74 years",38561,38194,38307,38934,39311,39807,40033,40591,40764,41333,42206,42344,42780,42919,42625,42790,43110,43228,44393,44680,45319,45513,44978,45503,46104,46764,47963,49513,51179,52500,53462,54255,54774,55754,57521,58443,59566,60360,61333,62424,63111,63780,64847,66101,66472,66246,65870,65693,65226
" "," "," ","75 years",35685,36166,36363,36852,37324,36966,37100,37718,38100,38612,38857,39387,39556,40170,40968,41090,41518,41726,41475,41679,41960,42093,43210,43502,44135,44315,43767,44347,44906,45541,46720,48251,49845,51165,52064,52859,53296,54278,55993,56925,58066,58778,59773,60825,61508,62193,63235,64454,64799
" "," "," ","76 years",33105,33378,34076,34472,34409,34877,35060,35558,36011,35642,35722,36408,36839,37319,37543,38104,38285,38953,39774,39889,40242,40434,40245,40453,40824,40935,42054,42298,42934,43056,42539,43065,43609,44244,45317,46822,48424,49698,50662,51356,51791,52778,54411,55318,56428,57095,58146,59167,59761
" "," "," ","77 years",31727,31868,31507,31509,31791,32086,32721,33059,33018,33463,33660,34136,34618,34311,34390,35066,35520,36015,36279,36836,37039,37706,38414,38595,38890,39125,38941,39224,39579,39650,40725,40995,41607,41718,41182,41719,42239,42819,43887,45368,46996,48254,49091,49788,50215,51146,52714,53627,54679
" "," "," ","78 years",30193,29831,30147,30244,30274,30353,30067,30142,30434,30691,31316,31637,31554,31991,32139,32624,33149,32921,33097,33770,34212,34612,34894,35466,35719,36344,37048,37176,37492,37712,37511,37774,38211,38303,39255,39527,40093,40197,39736,40255,40779,41368,42484,43877,45452,46603,47454,48134,48500
" "," "," ","79 years",28124,28397,28468,28345,28609,28351,28679,28725,28758,28858,28653,28694,29019,29298,29851,30194,30082,30549,30799,31267,31759,31549,31645,32326,32760,33154,33441,34022,34289,34908,35564,35748,35966,36218,36052,36327,36746,36801,37772,38067,38583,38658,38274,38806,39325,39889,40936,42280,43776
" "," "," ","80 years",27001,26610,26390,26609,26522,26778,26854,26829,27154,26895,27110,27179,27195,27301,27098,27172,27514,27796,28362,28779,28681,29131,29292,29734,30267,30067,30233,30839,31195,31627,31943,32515,32811,33410,33967,34132,34339,34621,34507,34744,35131,35232,36179,36443,36971,37008,36670,37204,37670
" "," "," ","81 years",25188,25646,25525,25461,25357,24974,24824,24989,24949,25224,25332,25330,25595,25324,25515,25578,25622,25738,25607,25722,26076,26327,26891,27257,27152,27539,27678,28157,28728,28520,28642,29238,29627,30040,30304,30882,31118,31702,32346,32512,32725,32993,32842,33117,33514,33551,34441,34730,35187
" "," "," ","82 years",23649,23176,23374,23297,23435,23830,23745,23717,23716,23377,23241,23354,23295,23525,23546,23591,23926,23700,23945,24045,24091,24214,24072,24229,24529,24737,25257,25612,25531,25960,26095,26530,27090,26815,26969,27494,27863,28321,28632,29221,29464,29985,30651,30810,31040,31267,31077,31369,31738
" "," "," ","83 years",21844,21917,21791,21903,21898,21446,21623,21606,21719,22102,22023,22025,21998,21673,21499,21605,21547,21816,21938,21988,22284,22111,22319,22375,22513,22606,22486,22601,22920,23077,23563,23896,23814,24224,24369,24745,25245,24980,25181,25741,26148,26583,26874,27424,27663,28176,28824,29027,29215
" "," "," ","84 years",20421,20198,20158,20140,20088,20161,19995,20078,20144,19724,19881,19857,19985,20347,20200,20256,20285,19976,19884,19977,19890,20147,20194,20293,20520,20420,20635,20683,20804,20943,20830,20968,21219,21437,21850,22122,22034,22464,22615,22981,23443,23170,23395,23891,24269,24708,24988,25551,25820
" "," "," ","85 years",18321,18496,18497,18572,18533,18298,18326,18376,18296,18433,18254,18374,18449,18030,18140,18104,18243,18532,18502,18589,18627,18401,18218,18295,18252,18487,18540,18639,18874,18751,18927,18949,19099,19192,19076,19216,19493,19696,20114,20358,20307,20704,20864,21219,21669,21349,21587,22047,22391
" "," "," ","86 years",16204,16402,16298,16354,16497,16651,16652,16739,16745,16483,16603,16671,16647,16691,16445,16575,16652,16341,16531,16461,16542,16846,16819,16913,16926,16674,16520,16579,16599,16829,16897,16951,17141,17027,17097,17222,17305,17415,17400,17531,17770,17963,18334,18604,18545,18866,18973,19350,19702
" "," "," ","87 years",14443,13954,13980,14174,14308,14520,14484,14545,14674,14925,14897,14907,14914,14804,14828,14924,14939,15038,14869,14974,15036,14724,14835,14755,14858,15126,15110,15139,15076,14918,14758,14832,14860,15043,15084,15151,15330,15166,15323,15477,15594,15647,15653,15783,15991,16096,16444,16686,16589
" "," "," ","88 years",12963,13110,12985,12795,12583,12168,12255,12425,12614,12774,12812,12845,12978,13140,13065,13097,13124,13043,13136,13258,13242,13313,13156,13228,13274,13005,13144,13064,13174,13338,13294,13388,13358,13159,12947,13011,13044,13259,13289,13379,13552,13431,13591,13742,13855,13885,13879,13988,14178
" "," "," ","89 years",11665,11382,11119,11103,11245,11313,11199,11130,10948,10591,10668,10822,11025,11216,11137,11120,11193,11386,11417,11421,11453,11422,11430,11528,11600,11633,11464,11555,11612,11382,11493,11397,11523,11707,11597,11635,11531,11379,11249,11309,11387,11590,11635,11679,11873,11742,11872,12008,12042
" "," "," ","90 years",7876,8279,8998,9627,9949,9684,9523,9455,9604,9633,9532,9547,9377,9051,9081,9233,9384,9528,9558,9611,9620,9740,9745,9770,9845,9810,9829,9945,9987,9981,9831,9918,9965,9763,9729,9655,9786,9939,9924,9946,9916,9717,9602,9702,9766,9971,10003,10010,10167
" "," "," ","91 years",6894,6967,6784,6615,6524,6891,7466,8023,8310,8151,8028,7964,8073,8130,7921,7865,7796,7614,7704,7869,7988,8061,8050,8039,8058,8172,8254,8267,8335,8262,8161,8218,8352,8401,8281,8306,8275,8117,8163,8123,8233,8368,8383,8375,8312,8144,8101,8179,8214
" "," "," ","92 years",5525,5482,5526,5533,5653,5700,5511,5359,5318,5656,6158,6602,6868,6740,6580,6550,6600,6650,6538,6541,6452,6248,6301,6446,6571,6658,6635,6643,6659,6791,6814,6858,6863,6773,6734,6807,6894,6882,6857,6845,6851,6701,6692,6687,6813,6919,6958,6997,6868
" "," "," ","93 years",4459,4465,4395,4422,4430,4388,4396,4447,4509,4509,4387,4288,4289,4552,4928,5278,5506,5430,5316,5311,5378,5422,5224,5174,5131,4914,4992,5213,5321,5400,5346,5320,5361,5471,5437,5454,5440,5446,5448,5563,5642,5605,5584,5535,5523,5392,5359,5384,5523
" "," "," ","94 years",3242,3216,3272,3392,3468,3503,3454,3480,3436,3422,3440,3464,3549,3596,3471,3361,3370,3572,3936,4237,4339,4245,4157,4206,4223,4236,4094,4014,4023,3816,3895,4078,4148,4183,4150,4162,4172,4277,4264,4274,4320,4323,4330,4404,4437,4405,4330,4308,4275
" "," "," ","95 years",2614,2640,2614,2581,2513,2487,2543,2632,2699,2681,2646,2665,2639,2616,2587,2597,2674,2739,2737,2681,2668,2824,3046,3197,3276,3268,3196,3238,3269,3273,3146,3066,3055,2931,2959,3087,3126,3159,3165,3204,3224,3265,3268,3295,3323,3309,3340,3355,3350
" "," "," ","96 years",1818,1824,1850,1916,1947,1958,1964,1890,1856,1879,1907,1970,2028,2001,1945,1991,1952,1939,1941,1964,2041,2052,2034,1977,2003,2092,2297,2387,2473,2446,2357,2418,2436,2425,2294,2238,2260,2165,2213,2290,2291,2322,2386,2443,2410,2480,2474,2484,2506
" "," "," ","97 years",1317,1371,1314,1308,1299,1264,1312,1344,1394,1403,1374,1348,1363,1354,1349,1385,1467,1486,1462,1475,1447,1418,1390,1401,1477,1504,1479,1441,1466,1531,1676,1739,1767,1761,1704,1715,1715,1708,1638,1614,1642,1578,1643,1705,1718,1730,1742,1761,1755
" "," "," ","98 years",884,868,915,921,958,990,936,909,884,882,928,942,970,982,957,928,917,932,985,1023,1068,1083,1048,1049,1026,1003,989,994,1041,1062,1059,1039,1054,1117,1178,1208,1216,1195,1202,1200,1189,1193,1172,1132,1139,1101,1163,1218,1221
" "," "," ","99 years",623,618,601,586,601,601,644,648,678,695,651,640,611,601,619,631,638,639,637,628,630,658,672,695,745,749,727,725,695,671,653,678,715,722,687,688,703,752,797,818,835,822,791,794,802,806,786,764,755
" "," "," ","100 years",362,360,374,394,395,385,368,372,400,408,434,427,454,462,409,409,399,403,426,431,423,416,398,406,406,425,456,474,496,505,482,458,435,432,431,438,463,458,443,441,462,490,527,547,561,531,522,526,535
" "," "," ","101 years",246,258,235,220,202,218,224,233,240,227,239,230,221,245,268,261,277,279,264,275,271,248,273,263,271,258,253,253,260,284,293,299,304,307,292,282,250,257,266,277,285,290,299,281,280,298,331,339,344
" "," "," ","102 years",110,117,145,147,153,154,149,140,128,125,127,147,143,133,137,138,130,150,173,158,165,180,182,177,162,162,168,164,163,154,149,137,148,158,161,170,184,184,166,149,136,134,143,166,178,173,168,172,164
" "," "," ","103 years",67,71,70,64,73,64,72,81,89,94,84,75,72,79,70,77,86,76,83,86,81,87,87,86,101,111,104,98,91,88,90,95,103,88,92,80,80,91,97,102,108,108,87,84,76,81,90,97,104
" "," "," ","104 years",42,38,40,41,36,40,34,33,36,28,38,45,43,55,53,47,40,41,37,48,48,49,48,50,43,52,49,49,51,60,64,58,51,53,52,60,63,51,50,46,48,54,63,64,62,64,55,42,37
" "," "," ","105 years",27,27,23,21,21,18,18,20,21,25,17,16,17,12,17,23,25,33,30,24,18,21,23,24,24,22,28,26,26,29,21,23,25,37,31,31,28,30,32,37,39,30,25,20,24,27,30,34,35
" "," "," ","106 years",7,12,13,15,14,11,12,10,6,7,8,13,15,14,8,6,3,3,8,12,13,14,10,11,10,15,10,12,15,14,18,11,4,5,9,12,17,21,20,17,15,18,16,19,18,14,15,10,13
" "," "," ","107 years",3,3,3,4,5,8,5,9,9,7,7,5,3,4,6,8,8,7,3,3,1,1,7,9,10,9,6,5,4,5,3,9,11,9,7,3,1,2,3,4,5,8,13,8,8,8,7,7,6
" "," "," ","108 years",3,3,2,2,1,1,2,2,1,3,3,4,5,3,2,1,0,2,6,6,5,4,1,0,0,0,2,4,4,3,4,2,1,2,2,4,5,5,5,2,0,0,1,2,3,4,4,3,3
" "," "," ","109 years",0,0,0,1,1,1,1,0,0,0,0,0,0,2,1,2,2,1,1,0,0,1,3,4,4,3,1,0,0,0,0,2,3,2,2,1,1,2,1,2,4,1,1,1,0,0,0,0,1
" "," "," ","110 years",0,0,0,0,0,0,0,0,0,0,0,0,0,0,0,0,0,1,0,1,1,1,0,0,0,1,2,1,1,1,0,0,0,0,0,1,2,2,2,0,0,0,0,0,1,1,1,1,0
" "," "," ","111 years",0,0,0,0,0,0,0,0,0,0,0,0,0,0,0,0,0,0,0,0,0,0,0,0,0,0,0,0,0,0,1,1,0,0,0,0,0,0,0,1,1,1,1,0,0,0,0,0,1
" "," "," ","112 years",0,0,0,0,0,0,0,0,0,0,0,0,0,0,0,0,0,0,0,0,0,0,0,0,0,0,0,0,0,0,0,0,0,0,0,0,0,0,0,0,0,0,0,1,1,0,0,0,0
" "," "," ","113 years",0,0,0,0,0,0,0,0,0,0,0,0,0,0,0,0,0,0,0,0,0,0,0,0,0,0,0,0,0,0,0,0,0,0,0,0,0,0,0,0,0,0,0,0,0,0,0,0,0
" "," "," ","114 years",0,0,0,0,0,0,0,0,0,0,0,0,0,0,0,0,0,0,0,0,0,0,0,0,0,0,0,0,0,0,0,0,0,0,0,0,0,0,0,0,0,0,0,0,0,0,0,0,0
" "," "," ","115 years",0,0,0,0,0,0,0,0,0,0,0,0,0,0,0,0,0,0,0,0,0,0,0,0,0,0,0,0,0,0,0,0,0,0,0,0,0,0,0,0,0,0,0,0,0,0,0,0,0
" "," "," ","116 years",0,0,0,0,0,0,0,0,0,0,0,0,0,0,0,0,0,0,0,0,0,0,0,0,0,0,0,0,0,0,0,0,0,0,0,0,0,0,0,0,0,0,0,0,0,0,0,0,0
" "," "," ","117 years",0,0,0,0,0,0,0,0,0,0,0,0,0,0,0,0,0,0,0,0,0,0,0,0,0,0,0,0,0,0,0,0,0,0,0,0,0,0,0,0,0,0,0,0,0,0,0,0,0
" "," "," ","118 years",0,0,0,0,0,0,0,0,0,0,0,0,0,0,0,0,0,0,0,0,0,0,0,0,0,0,0,0,0,0,0,0,0,0,0,0,0,0,0,0,0,0,0,0,0,0,0,0,0
" "," "," ","119 years",0,0,0,0,0,0,0,0,0,0,0,0,0,0,0,0,0,0,0,0,0,0,0,0,0,0,0,0,0,0,0,0,0,0,0,0,0,0,0,0,0,0,0,0,0,0,0,0,0
" "," "," ","120 years",0,0,0,0,0,0,0,0,0,0,0,0,0,0,0,0,0,0,0,0,0,0,0,0,0,0,0,0,0,0,0,0,0,0,0,0,0,0,0,0,0,0,0,0,0,0,0,0,0
" "," "," ","121 years",0,0,0,0,0,0,0,0,0,0,0,0,0,0,0,0,0,0,0,0,0,0,0,0,0,0,0,0,0,0,0,0,0,0,0,0,0,0,0,0,0,0,0,0,0,0,0,0,0
" "," "," ","122 years",0,0,0,0,0,0,0,0,0,0,0,0,0,0,0,0,0,0,0,0,0,0,0,0,0,0,0,0,0,0,0,0,0,0,0,0,0,0,0,0,0,0,0,0,0,0,0,0,0
" "," "," ","123 years",0,0,0,0,0,0,0,0,0,0,0,0,0,0,0,0,0,0,0,0,0,0,0,0,0,0,0,0,0,0,0,0,0,0,0,0,0,0,0,0,0,0,0,0,0,0,0,0,0
" "," "," ","124 years",0,0,0,0,0,0,0,0,0,0,0,0,0,0,0,0,0,0,0,0,0,0,0,0,0,0,0,0,0,0,0,0,0,0,0,0,0,0,0,0,0,0,0,0,0,0,0,0,0
" "," "," ","125 years",0,0,0,0,0,0,0,0,0,0,0,0,0,0,0,0,0,0,0,0,0,0,0,0,0,0,0,0,0,0,0,0,0,0,0,0,0,0,0,0,0,0,0,0,0,0,0,0,0

